图纸编号,MARD,COCO,漫漫,盼盼,咪小窝,HEX,颗数
01,H12,A04,E18,132,144,#FFF5ED,1168
02,P01,M01,P1,71,62,#FCF7F8,744
03,E14,K05,E21,137,140,#FFD1BA,298
04,H19,A05,IC11,209,209,#F6EFE2,287
05,G03,Z06,E5,80,85,#F4C3A5,225
06,H13,A06,E23,145,146,#F5ECD2,219
07,H17,A07,IC6,214,214,#F1EDED,212
08,G04,Z08,E6,19,19,#E1B383,211
09,G16,Z04,E20,134,138,#F2D9BA,209
10,H16,B08,DH11,200,200,#1D1414,183
11,M04,Y04,YX15,167,167,#E3D2BC,183
12,H10,A10,F9,86,88,#EEE9EA,116
13,M12,Y12,YX5,173,173,#644749,110
14,M09,Y09,YX10,170,170,#A58767,107
15,H06,B07,F6,51,70,#2F2B2F,96
16,M07,Y07,YX13,171,171,#B4A497,92
17,M13,Y13,YX8,175,160,#D19066,90
18,G14,Z17,E14,114,123,#8D614C,85
19,M01,Y01,YX11,168,168,#BCC6B8,69
20,H23,B11,G11,278,278,#9A9D94,59
21,R12,L12,T7,160,157,#D8D5CE,59
22,M15,Y15,YX7,178,163,#757D78,52
23,B23,F17,DH12,205,192,#303A21,24
24,H07,B09,F7,14,14,#000000,16
合计,,,,,,,4914
