行/列,1,2,3,4,5,6,7,8,9,10,11,12,13,14,15,16,17,18,19,20,21,22,23,24,25,26,27,28,29,30,31,32,33,34,35,36,37,38,39,40,41,42,43,44,45,46,47,48,49,50,51,52,53,54,55,56,57,58,59,60,61,62,63,64,65,66,67,68,69,70,71,72,73,74,75,76,77,78,79,80,81,82,83,84,85,86,87,88,89,90,91,92,93,94,95,96
1,,,,,,,,,,,,,,,,,,,,,,,,,,,,,,,,,,,,,,,,,,,,,,,,,,,,,,,,,,,,,,,,,,,,,,,,,,,,,,,,,,,,,,,,,,,,,,,,
2,,,,,,,,,,,,,,,,,,,,,,,,,,,,,,,,,,,,,,,,,,,,,,,,,,,,,,,,,,,,,,,,,,,,,,,,,,,,,,,,,,,,,,,,,,,,,,,,
3,,,,,,,,,,,,,,,,,,,,,,,,,,,,,,,,,,,,,,,,,,,,,,,,,,,,,,,,,,,,,,,,,,10,10,10,10,15,15,10,10,10,,,,,,,,,,,,,,,,,,,,,,
4,,,,,,,,,,,,,,,,,,,,,,,,,,,,,,,,,,,,,,,,,,,,,,,,,,,,,,,,,,,,,,,10,10,10,10,15,15,15,15,15,15,15,15,10,,,,,,,,,,,,,,,,,,,,,
5,,,,,,,,,,,,,,,,,,,,,,,,,,,,,,,,,,,,,,,,,,,,,,,,,,,,,,,,,,,,,24,10,10,10,10,10,10,15,15,15,15,15,15,15,15,10,,,,,,,,,,,,,,,,,,,,
6,,,,,,,,,,,,,,,,,,,,,,,,,,,,,,,,,,,,,,,,,,,,,,,,,,,,,,,,,,,,10,10,10,10,15,15,15,15,15,10,15,23,15,10,10,10,10,10,10,,,,,,,,,,,,,,,,,,
7,,,,,,,,,,,,,,,,,,,,,,,,18,14,16,20,22,13,,,,,,,,,,,,,,,,,,,,,,,,,,,,,,10,10,15,10,10,10,10,10,10,10,15,15,10,10,10,10,10,10,10,15,15,10,,,,,,,,,,,,,,,,
8,,,,,,,,,,,,,,,,,,,,,15,22,19,09,09,09,09,09,09,09,16,22,,,,,,,,,,,,,,,,,,,,,,,,,,24,10,15,10,10,10,10,10,15,15,15,15,10,10,10,10,10,10,10,10,15,15,10,,,,,,,,,,,,,,,,
9,,,,,,,,,,,,,,,,,,,13,14,11,11,11,11,11,11,11,11,09,09,09,06,16,15,,,,,,,,,,,,,,,,,,,,,,,,10,10,10,10,10,10,10,10,10,10,10,15,15,13,18,13,15,10,10,10,15,15,15,10,,,,,,,,,,,,,,,
10,,,,,,,,,,,,,,,,,,22,09,09,09,11,11,11,11,11,11,11,11,11,11,11,06,16,,,,,,,,,,,,,,,,,,,,,,,24,10,10,10,10,10,10,13,13,13,10,18,17,08,05,05,05,17,18,10,10,15,15,15,10,,,,,,,,,,,,,,,
11,,,,,,,,,,,,,,,,,18,09,09,11,11,11,11,11,11,11,11,11,11,11,11,11,11,06,22,,,,,,,,,,,,,,,,,,,,,,10,10,10,10,10,10,14,08,17,18,18,03,03,03,03,03,03,03,03,14,15,10,15,15,10,,,,,,,,,,,,,,,
12,,,,,,,,,,,,,,,,15,11,11,11,11,11,11,11,11,11,11,11,11,11,11,11,11,11,09,09,23,,,,,,,,,,,,,,,,,,,,,10,10,10,10,10,18,03,03,05,05,03,03,03,03,03,03,03,03,03,05,17,15,10,10,15,,,,,,,,,,,,,,,
13,,,,,,,,,,,,,,,,14,11,11,11,11,11,11,11,11,11,11,11,11,05,05,11,11,11,11,11,14,,,,,,,,,,,,,,,,,,,,,10,10,10,10,23,05,03,03,03,03,03,03,03,03,03,03,03,03,03,05,05,18,10,10,15,10,,,,,,,,,,,,,,
14,,,,,,,,,,,,,,,15,11,11,11,11,11,11,11,11,11,11,11,11,11,11,11,11,11,20,14,08,16,20,22,15,,,,,,,,,,13,14,08,08,08,16,18,,10,10,10,15,14,03,03,03,03,03,03,03,03,03,03,03,03,03,03,03,03,17,13,10,10,24,,,,,,,,,,,,,,
15,,,,,,,,,,,,,,,22,09,11,11,11,11,11,11,11,11,11,11,11,11,11,11,14,14,14,18,13,14,08,08,16,13,,,,,,,,13,09,09,09,09,09,09,08,10,24,10,15,13,09,09,09,09,09,09,09,03,03,03,03,03,03,03,03,03,03,09,17,10,10,10,,,,,,,,,,,,,,
16,,,,,,,,,,,,,,,16,09,11,11,11,11,11,11,08,11,11,11,11,11,11,14,17,17,08,08,14,15,14,16,16,08,13,,,,,,,16,09,09,09,09,09,09,14,23,13,10,15,08,09,09,14,13,18,14,08,03,03,03,03,03,03,03,03,03,03,09,08,10,10,24,,,,,,,,,,,,,,
17,,,,,,,,,,,,,,,19,09,11,11,11,11,11,08,11,11,11,11,11,11,14,17,08,17,17,17,08,18,15,16,16,08,22,,,,,,,05,09,05,17,13,23,17,08,08,08,13,15,16,09,09,14,14,18,13,13,18,16,03,03,03,09,09,09,09,09,09,05,15,10,,,,,,,,,,,,,,,
18,,,,,,,,,,,,,,13,11,09,11,11,11,08,08,11,11,11,11,11,11,14,08,08,08,08,08,08,08,17,10,10,13,18,23,,,,,,13,03,09,05,17,15,13,08,09,08,14,18,18,16,18,18,18,16,08,08,08,17,17,03,03,03,16,18,13,18,14,09,05,15,10,,,,,,,,,,,,,,,
19,,,,,,,,,,,,,,23,11,09,11,11,16,08,09,11,11,11,11,11,14,08,08,08,05,05,08,18,13,18,23,24,,,,,,,,,13,03,03,03,05,05,09,06,08,14,08,14,08,06,05,23,14,17,14,14,14,14,08,03,03,03,08,17,14,18,23,18,05,10,24,,,,,,,,,,,,,,,
20,,,,,,,,,,,,,,,16,09,11,08,08,09,11,11,11,11,11,14,14,14,17,05,05,05,17,14,08,08,18,15,,,,,,,,,13,03,03,03,03,09,09,17,14,05,17,08,03,03,03,16,08,14,13,13,17,08,18,16,03,08,17,08,05,05,05,08,08,10,,,,,,,,,,,,,,,,
21,,,,,,,,,,,,,,,14,09,16,18,09,09,09,09,09,11,13,13,18,14,17,05,05,05,08,08,14,14,18,13,18,,,,,,,,13,03,03,03,03,03,14,10,17,08,17,05,03,03,03,08,03,03,03,08,08,09,14,22,22,18,14,14,14,14,14,16,18,24,,,,,,,,,,,,,,,,
22,,,,,,,,,,,,,,,14,09,15,10,15,14,08,19,16,14,14,08,08,08,08,08,05,05,17,13,23,18,14,,18,,,,,,,,15,03,03,05,05,17,17,14,18,03,17,05,03,03,03,08,03,03,03,03,09,17,14,09,17,08,17,13,18,17,05,13,10,10,,,,,,,,,,,,,,,,
23,,,,,,,,,,,,,,,14,22,10,15,10,13,17,17,08,08,08,14,13,18,17,08,17,08,17,17,08,05,05,,13,,,,,,,,,18,03,05,08,08,08,08,14,08,09,05,03,03,03,08,08,08,09,09,09,14,05,09,14,08,03,03,08,08,05,14,10,,,,,,,,,,,,,,,,,
24,,,,,,,,,,,,,,,13,23,15,15,10,18,17,17,17,17,14,13,18,14,08,08,17,03,17,03,05,05,05,14,23,,,,,,,,,,14,05,05,05,05,08,08,14,14,05,03,03,03,03,08,08,08,08,16,05,03,09,05,05,03,03,03,09,05,14,13,,,,,,,,,,,,,,,,,
25,,,,,,,,,,,,,,,,10,13,13,10,18,05,08,17,08,08,03,03,03,03,17,08,03,08,08,03,03,05,14,,,,,,,,,,,,17,05,05,05,05,08,08,18,05,03,03,03,03,09,09,03,08,03,03,03,09,05,16,03,03,03,03,16,18,,,,,,,,,,,,,,,,,,
26,,,,,,,,,,,,,,,10,15,17,18,13,18,05,05,05,08,08,03,03,03,03,08,08,03,03,08,08,08,05,17,,,,,,,,,,,,15,05,05,05,05,05,08,14,05,09,03,03,03,03,03,03,08,14,14,03,08,05,08,08,08,08,08,08,13,,,,,,,,,,,,,,,,,,
27,,,,,,,,,,,,,,,10,10,14,18,17,14,05,05,05,03,08,05,03,03,08,08,03,03,03,05,05,05,09,17,,,,,,,,,,,,,13,05,05,05,05,05,14,05,09,03,03,03,03,09,09,09,05,17,17,17,17,03,09,09,09,09,14,,,,,,,,,,,,,,,,,,,
28,,,,,,,,,,,,,,,,10,23,17,08,08,05,03,03,03,03,05,05,05,05,05,08,08,03,03,03,05,09,14,,,,,,,,,,,,,,18,05,05,05,05,17,16,09,03,03,03,09,14,17,08,05,03,03,09,09,03,09,09,09,09,13,,,,,,,,,,,,,,,,,,,
29,,,,,,,,,,,,,,,,10,10,18,09,05,05,03,03,03,03,03,03,09,09,05,05,08,17,17,18,05,09,18,,,,,,,,,,,,13,20,16,17,05,05,05,17,14,09,03,03,03,09,17,15,15,13,18,14,08,09,03,03,03,09,08,,,,,,,,,,,,,,,,,,,,
30,,,,,,,,,,,,,,,,24,,10,13,13,13,03,03,03,03,03,03,14,17,08,17,08,03,17,14,06,08,10,,23,13,22,22,22,22,13,22,21,02,07,07,12,19,16,08,08,17,18,09,09,03,03,03,09,08,14,13,13,15,13,17,03,03,03,09,18,,,,,,,,,,,,,,,,,,,,
31,,,,,,,,,,,,,,,,,,10,10,10,24,18,03,03,03,03,03,14,18,08,11,11,05,17,09,09,20,20,19,02,02,02,02,02,02,02,02,02,02,07,12,12,07,19,16,16,20,14,05,09,03,03,03,09,08,08,08,08,08,09,09,03,03,03,20,,,,,,,,,,,,,,,,,,,,,
32,,,,,,,,,,,,,,,,,,10,10,10,10,10,14,03,03,03,03,03,05,17,17,17,17,08,09,08,19,02,02,02,02,02,02,02,02,02,12,12,07,07,12,12,21,12,12,21,21,14,05,05,03,03,03,09,03,08,08,08,03,09,03,09,09,16,10,,,,,,,,,,,,,,,,,,,,,
33,,,,,,,,,,,,,,,,,10,15,10,10,10,24,13,08,03,03,03,03,09,09,03,03,03,09,09,16,12,07,07,02,02,02,02,02,02,02,12,07,07,07,12,12,21,12,12,12,20,14,05,08,03,03,03,03,03,09,09,09,03,03,03,09,09,18,22,,,,,,,,,,,,,,,,,,,,,
34,,,,,,,,,,,,,,,,10,15,10,10,10,10,24,18,05,17,03,03,03,03,03,03,03,03,09,09,19,02,07,02,02,02,02,02,07,02,07,12,07,12,07,12,12,12,12,19,20,22,14,05,08,08,03,03,03,03,03,03,03,03,09,09,05,09,17,21,21,22,,,,,,,,,,,,,,,,,,,
35,,,,,,,,,,,,,,,24,10,15,10,10,24,10,10,17,05,05,08,08,05,05,09,09,03,03,05,16,12,02,07,07,02,02,02,02,07,02,07,12,12,12,02,02,21,20,22,20,21,14,08,05,05,08,08,03,03,09,09,09,09,09,09,05,05,09,17,21,02,01,21,16,22,,,,,,,,,,,,,,,,
36,,,,,,,,,,,,,,,10,15,10,10,10,13,22,17,05,05,05,05,08,08,08,08,08,08,14,16,12,07,07,02,07,02,02,02,02,07,02,12,12,12,12,19,20,20,19,06,06,06,16,05,05,05,05,08,08,08,08,05,05,05,08,08,05,05,05,19,01,04,04,01,01,01,16,23,,,,,,,,,,,,,,
37,,,,,,,,,,,,,,10,15,15,10,10,19,20,05,05,05,05,05,05,05,08,08,08,08,05,18,21,07,07,07,02,07,07,02,02,02,07,07,12,12,16,20,20,11,06,06,06,06,06,19,05,05,05,05,05,08,08,08,17,17,08,08,03,05,05,19,01,01,04,04,04,04,01,01,01,16,18,,,,,,,,,,,,
38,,,,,,,,,,,,,,15,15,10,13,21,02,20,05,05,05,05,05,05,05,05,05,05,05,05,14,21,07,02,07,02,02,07,02,02,02,07,07,19,20,20,09,09,06,06,09,06,09,09,06,16,05,05,05,05,05,08,08,08,08,08,09,03,05,05,01,01,01,01,04,04,01,01,01,01,01,01,20,,,,,,,,,,,
39,,,,,,,,,,,,,10,15,15,20,02,02,02,02,16,05,05,05,05,05,05,05,05,05,05,05,16,02,07,02,02,07,02,07,02,02,02,02,19,22,11,01,09,09,06,06,09,06,06,09,06,06,16,05,05,05,05,05,05,05,03,03,09,08,21,01,01,01,01,01,06,04,01,06,01,01,01,01,01,19,20,13,,,,,,,,
40,,,,,,,,,,,,10,10,15,13,19,02,02,02,02,07,16,05,05,05,05,05,05,05,05,05,16,07,02,07,07,02,07,02,02,07,02,02,21,20,01,01,01,06,06,06,06,09,06,06,06,09,06,06,06,19,08,08,08,05,05,05,19,21,01,01,01,01,01,01,06,06,01,04,06,01,01,01,01,01,01,01,01,22,,,,,,,
41,,,,,,,,,,,10,13,22,18,13,13,14,02,02,02,02,02,21,19,08,08,08,08,08,16,19,02,02,02,02,07,02,07,02,02,07,02,02,20,11,01,01,01,01,04,04,06,09,06,06,06,09,09,09,06,06,06,21,21,05,06,01,01,01,01,04,04,01,01,04,06,06,01,04,04,01,06,06,01,01,01,01,01,01,13,,,,,,
42,,,,,,,,,24,13,19,02,02,02,16,13,13,18,02,02,02,02,02,02,02,02,21,21,02,02,02,02,02,02,02,07,02,02,02,02,07,02,19,20,01,04,04,01,01,01,01,04,04,04,04,06,06,06,09,09,09,06,06,04,01,01,01,01,04,04,01,01,01,01,04,06,01,04,04,01,04,06,06,01,04,04,01,01,01,21,15,,,,,
43,,,,,,,,10,16,02,02,07,02,02,02,21,18,13,18,02,02,02,02,02,02,02,02,02,02,02,02,02,02,02,07,07,02,02,02,02,02,02,20,06,01,04,04,01,01,01,01,04,04,01,01,06,06,06,06,06,06,06,04,04,04,04,04,04,04,01,01,04,01,01,06,04,01,04,04,01,04,06,01,01,04,01,01,01,01,01,19,,,,,
44,,,,,,,,19,12,12,12,07,02,02,02,02,21,18,13,18,02,02,02,02,02,02,02,02,02,02,02,02,02,02,07,02,02,02,02,02,02,16,19,06,01,06,01,01,01,01,01,01,01,01,01,01,06,06,04,04,01,01,01,01,01,01,01,01,01,01,06,04,01,01,06,04,01,04,01,01,04,06,01,04,04,01,01,01,01,01,01,22,,,,
45,,,,,,,22,02,12,07,07,02,02,02,02,02,02,21,18,13,18,02,02,02,02,02,07,07,02,02,02,02,02,02,07,02,02,02,02,02,02,20,06,06,01,06,01,01,01,01,01,01,01,01,01,01,01,01,01,01,01,01,01,01,01,01,01,01,01,04,06,01,01,01,06,01,01,01,01,01,04,04,01,04,01,01,01,01,01,01,01,04,23,,,
46,,,,,,13,02,02,07,07,02,02,02,02,02,02,02,02,21,18,13,18,02,02,02,07,07,02,02,02,02,07,02,02,07,02,02,02,02,02,21,20,01,06,04,06,01,01,01,01,01,01,01,01,01,01,01,01,01,01,01,01,01,01,01,01,01,01,01,04,04,01,01,04,04,01,01,01,01,01,04,04,01,01,01,01,04,01,01,01,01,01,20,,,
47,,,,,,19,02,02,02,02,02,02,02,02,02,02,02,02,02,21,18,13,18,02,02,02,02,02,02,02,02,07,02,02,07,02,02,02,02,02,19,19,01,06,04,04,01,01,01,01,01,01,01,01,01,01,01,01,01,01,01,01,01,01,01,01,01,01,01,04,01,01,01,04,04,01,01,01,01,01,04,01,01,01,01,04,04,01,01,01,01,01,04,23,,
48,,,,,,21,02,12,12,02,02,02,02,02,02,02,02,02,02,02,21,18,13,18,02,02,02,02,02,02,07,02,02,02,02,02,02,02,07,02,16,19,04,06,04,04,01,01,01,01,01,01,01,01,01,01,01,01,01,01,01,01,01,01,01,01,01,01,01,01,01,01,01,04,01,01,01,01,01,01,04,01,04,04,01,04,01,01,01,04,04,04,04,20,,
49,,,,,13,02,07,07,02,07,02,02,02,02,02,02,02,02,02,02,02,21,18,13,18,02,02,02,02,02,07,02,02,02,02,02,02,02,07,02,16,19,04,09,04,04,01,01,01,01,01,01,01,01,01,01,01,01,01,01,01,01,01,01,01,01,01,01,01,01,01,01,01,04,01,01,01,01,01,01,04,01,06,01,04,04,01,01,04,04,04,04,04,20,,
50,,,,,16,02,07,02,02,07,07,02,02,02,02,02,02,02,02,02,07,02,21,18,13,18,02,02,02,07,02,02,02,02,02,02,02,02,02,02,16,04,04,09,01,01,01,01,01,01,01,01,01,01,01,01,01,01,01,01,01,01,01,01,01,01,01,01,01,01,01,01,04,04,01,01,01,01,01,01,01,04,06,01,04,01,01,04,04,04,04,04,04,19,,
51,,,,23,02,02,02,02,02,02,02,02,02,02,02,02,02,02,02,02,07,02,02,21,18,13,18,02,02,07,02,02,02,02,02,02,02,02,02,02,16,04,04,09,01,01,01,01,01,01,01,01,01,01,01,01,01,01,01,01,01,01,01,01,01,01,01,01,01,01,01,01,04,04,01,01,01,01,01,01,01,04,06,04,04,01,01,04,04,04,04,01,01,01,13,
52,,,,13,02,02,02,02,02,02,02,02,02,02,07,02,02,02,02,02,02,02,07,02,21,18,13,22,02,02,02,02,02,02,02,02,02,02,02,21,16,04,04,11,01,01,04,01,01,01,01,01,01,01,01,01,01,01,01,01,01,01,01,01,01,01,01,01,01,01,01,01,04,01,01,01,01,01,01,01,01,06,06,04,04,01,01,01,04,04,01,01,01,01,16,
53,,,,16,02,02,02,02,02,02,02,07,07,02,07,07,02,02,02,02,02,07,07,02,02,21,13,13,22,02,02,02,02,02,02,02,02,02,02,16,21,04,04,11,04,04,04,01,01,01,01,01,01,01,01,01,01,01,01,01,01,01,01,01,01,01,01,01,01,01,01,01,04,01,01,01,01,01,01,01,01,06,06,04,04,04,01,01,01,01,01,01,01,01,01,23
54,,,22,02,02,02,02,02,02,02,07,02,07,02,02,07,02,02,02,02,02,02,02,02,02,02,21,13,13,14,02,02,02,02,02,02,02,02,02,16,01,06,04,11,04,04,04,01,01,01,01,01,01,01,01,01,01,01,01,01,01,01,01,01,01,01,01,01,01,01,01,01,04,01,01,01,01,01,01,01,01,09,06,04,04,01,01,01,01,01,01,01,01,01,01,22
55,,,21,02,12,07,02,02,02,02,07,02,07,07,02,07,02,02,07,07,02,02,02,02,02,02,02,19,13,13,14,02,02,02,02,02,02,02,19,19,01,06,04,11,06,06,04,01,01,01,01,01,01,01,01,01,01,01,01,01,01,01,01,01,01,01,01,01,01,01,01,04,04,01,01,01,01,01,01,04,01,09,06,06,01,01,01,01,01,01,01,01,01,01,01,22
56,,,21,02,12,07,02,02,02,02,02,07,02,12,02,02,02,12,12,02,02,02,02,02,02,02,02,02,19,13,13,20,02,02,02,02,02,02,16,01,01,06,06,11,06,06,04,01,01,01,01,01,01,01,01,01,01,01,01,01,01,01,01,01,01,01,01,01,01,01,01,04,04,01,01,01,01,01,01,04,04,11,06,06,01,04,04,01,01,01,01,01,01,01,01,22
57,,,16,02,12,07,02,02,02,02,02,07,02,12,12,02,12,12,02,02,02,02,02,02,02,02,02,02,02,16,13,13,20,02,02,02,02,19,19,01,01,04,06,11,06,06,04,01,01,01,01,01,01,01,01,01,01,01,01,01,01,01,01,01,01,01,01,01,01,01,01,04,04,01,01,01,01,01,01,06,04,11,06,06,06,04,01,01,01,01,01,01,01,06,06,23
58,,,21,02,02,07,02,02,02,02,02,02,07,07,12,12,12,02,02,07,02,02,02,02,02,02,02,02,02,02,16,13,13,16,02,07,07,20,04,01,01,04,06,11,11,04,04,01,01,01,01,01,01,01,01,01,01,01,01,01,01,01,01,01,01,01,01,01,01,01,01,06,01,01,01,01,01,01,04,06,06,11,06,06,06,01,01,01,01,01,01,01,06,06,19,
59,,22,02,12,02,02,02,02,02,02,02,02,07,07,19,19,12,02,07,07,02,02,02,02,02,02,02,02,02,02,02,20,13,13,19,02,19,19,04,04,04,01,06,11,11,06,04,01,01,01,01,01,01,01,01,01,01,01,01,01,01,01,01,01,01,01,01,01,01,01,01,06,01,01,01,01,01,01,04,06,06,11,04,04,01,01,01,01,01,01,01,06,06,06,19,
60,,20,02,12,07,07,02,02,02,02,02,02,07,07,19,21,12,12,12,07,07,02,02,02,02,02,02,02,02,02,02,02,14,13,13,19,20,06,01,01,04,01,06,06,19,06,04,01,01,01,04,04,01,01,01,01,01,01,01,01,01,01,01,01,01,01,01,01,01,01,01,06,04,01,01,01,01,01,04,06,11,11,06,06,04,01,01,01,01,01,06,06,01,01,01,23
61,,22,02,12,12,07,07,07,02,02,02,07,07,07,16,21,12,12,02,02,02,02,02,02,02,02,02,02,02,02,02,02,02,22,13,13,20,06,01,01,04,04,04,06,19,06,04,01,01,01,01,04,01,01,01,01,01,01,01,01,01,01,01,01,01,01,01,01,01,01,01,04,04,01,01,01,01,01,04,06,11,11,06,06,04,01,01,01,01,01,01,01,01,01,01,22
62,,16,02,02,07,07,07,02,02,02,02,02,02,16,16,07,07,07,07,02,02,02,02,02,02,02,02,02,02,02,02,02,02,02,22,13,12,01,01,01,01,06,06,06,11,11,01,01,01,01,01,04,04,01,01,01,01,01,01,01,01,01,01,01,01,01,01,01,01,01,01,04,04,01,01,01,01,01,04,06,19,11,06,06,01,01,01,01,01,01,01,04,04,04,01,14
63,23,07,07,07,02,02,07,07,02,02,02,07,02,16,22,07,12,07,07,07,02,02,02,02,02,02,02,07,07,02,02,02,02,02,21,20,02,04,04,01,01,06,06,06,11,11,04,01,01,01,01,04,06,01,01,01,01,01,01,01,01,01,01,01,01,01,01,01,01,01,01,04,04,01,01,01,01,01,04,06,19,19,06,06,04,04,04,01,01,04,01,04,04,01,01,20
64,10,21,07,07,07,02,02,02,07,07,07,07,02,16,15,12,12,12,07,12,12,07,07,02,07,07,07,07,07,07,02,02,02,02,21,20,02,01,04,04,04,04,04,06,09,16,04,01,01,01,01,04,06,04,01,01,01,01,01,01,01,01,01,01,01,01,01,01,01,01,01,01,01,01,01,01,01,01,04,04,14,19,06,06,06,04,04,04,04,04,01,01,01,01,01,20
65,22,21,07,02,02,02,02,02,02,02,02,07,07,13,,20,07,12,12,07,07,12,12,12,12,12,07,12,07,07,07,07,02,02,02,20,20,01,01,01,04,04,04,06,09,16,04,01,04,01,01,01,06,04,01,01,01,01,01,01,01,01,01,01,01,01,01,01,01,01,01,01,01,01,01,01,01,01,04,11,16,06,06,06,01,01,04,04,01,01,01,01,01,01,01,14
66,20,02,12,12,07,02,02,02,12,12,12,02,21,23,,15,21,12,12,12,12,07,07,07,07,12,12,12,02,07,07,02,02,02,02,02,19,22,19,01,01,01,01,06,06,19,19,01,04,04,01,01,06,06,01,01,01,01,01,01,01,01,01,01,01,01,01,01,01,01,01,01,01,01,01,01,01,04,04,16,21,06,06,01,01,01,01,01,01,01,01,01,01,01,01,22
67,13,02,02,07,07,07,07,02,02,02,12,21,22,,,13,21,12,12,12,12,12,07,07,12,12,12,02,02,07,07,02,02,02,02,02,12,14,17,16,16,21,04,04,06,19,19,01,04,06,01,01,04,06,01,01,01,01,01,01,01,01,01,01,01,01,01,01,01,01,01,01,01,01,01,01,01,04,04,16,16,06,06,04,04,01,01,01,01,01,01,01,01,01,01,13
68,15,02,07,07,07,07,07,02,02,19,16,08,20,15,,22,07,12,12,12,12,12,12,12,12,12,02,02,02,07,02,02,02,02,02,02,19,17,05,05,08,17,17,16,16,14,22,04,04,06,01,01,04,06,06,04,01,01,01,01,01,01,01,01,01,01,01,01,01,01,01,01,01,01,01,01,01,04,06,11,22,04,04,04,01,04,04,04,04,04,04,04,04,04,01,22
69,15,21,07,12,07,02,02,19,16,05,09,09,06,05,13,15,07,12,12,12,12,12,07,07,02,02,02,07,07,02,02,02,02,02,02,02,20,08,03,03,03,03,05,08,08,08,14,19,01,06,06,01,01,06,06,04,01,01,01,01,01,01,01,01,01,01,01,01,01,01,01,01,01,01,06,01,01,04,06,11,20,04,04,04,01,01,01,01,01,01,01,01,01,04,01,22
70,,22,07,12,02,02,16,08,03,03,03,03,03,05,05,22,21,12,07,07,02,02,02,02,02,02,07,07,02,02,02,02,02,02,02,02,20,09,09,09,09,09,09,08,08,05,14,16,01,06,06,01,01,04,06,06,04,01,01,01,01,01,01,01,01,01,01,01,01,01,01,01,01,01,06,06,01,04,09,11,20,11,01,01,01,04,04,06,06,06,06,01,01,01,01,20
71,,22,07,07,02,16,05,03,03,03,03,03,03,03,09,09,20,19,02,02,02,02,02,02,02,02,07,02,02,02,02,02,02,02,02,21,20,09,03,03,09,03,03,09,05,05,14,16,01,06,06,06,04,04,06,06,04,01,01,01,01,01,01,01,01,01,01,01,01,01,01,01,01,01,06,06,04,04,09,11,20,11,21,19,08,08,05,05,05,05,08,08,08,08,21,20
72,,,20,02,16,08,09,03,03,03,03,09,03,09,03,09,09,16,16,07,07,02,02,02,02,07,02,02,02,02,02,02,02,02,02,19,08,09,03,09,09,09,09,09,03,05,18,19,09,06,06,06,06,01,06,06,06,04,01,01,01,01,01,01,01,01,01,01,01,01,01,01,01,01,01,06,06,06,11,11,20,22,17,05,03,09,09,09,09,09,09,09,03,05,18,13
